100,user_100,pass_100,58
51,user_51,pass_51,96
52,user_52,pass_52,26
53,user_53,pass_53,70
54,user_54,pass_54,35
55,user_55,pass_55,30
56,user_56,pass_56,3
57,user_57,pass_57,4
58,user_58,pass_58,16
59,user_59,pass_59,94
60,user_60,pass_60,86
61,user_61,pass_61,10
62,user_62,pass_62,68
63,user_63,pass_63,44
64,user_64,pass_64,39
65,user_65,pass_65,88
66,user_66,pass_66,84
67,user_67,pass_67,34
68,user_68,pass_68,97
69,user_69,pass_69,29
70,user_70,pass_70,52
71,user_71,pass_71,69
72,user_72,pass_72,36
73,user_73,pass_73,1
74,user_74,pass_74,6
75,user_75,pass_75,20
76,user_76,pass_76,52
77,user_77,pass_77,59
78,user_78,pass_78,3
79,user_79,pass_79,47
80,user_80,pass_80,61
81,user_81,pass_81,42
82,user_82,pass_82,22
83,user_83,pass_83,45
84,user_84,pass_84,25
85,user_85,pass_85,74
86,user_86,pass_86,34
87,user_87,pass_87,44
88,user_88,pass_88,48
89,user_89,pass_89,69
90,user_90,pass_90,95
91,user_91,pass_91,74
92,user_92,pass_92,43
93,user_93,pass_93,56
94,user_94,pass_94,16
95,user_95,pass_95,46
96,user_96,pass_96,9
97,user_97,pass_97,80
98,user_98,pass_98,0
99,user_99,pass_99,53
